"Year";"Name";"Location";"Country";"Type";"Status";"Volcano Explosivity Index (VEI)"
"";"";"";"";"";"";""
"-4360";"Macauley Island";"Kermadec Is";"New Zealand";"Caldera";"Holocene";"6"
"-4350";"Kikai";"Ryukyu Is";"Japan";"Caldera";"Historical";"7"
"-4050";"Masaya";"Nicaragua";"Nicaragua";"Caldera";"Historical";"6"
"-4000";"Pago";"New Britain-SW Pac";"Papua New Guinea";"Caldera";"Historical";"6"
"-3580";"Taal";"Luzon-Philippines";"Philippines";"Stratovolcano";"Historical";"6"
"-3550";"Pinatubo";"Luzon-Philippines";"Philippines";"Stratovolcano";"Historical";"6"
"-2040";"Long Island";"New Guinea-NE of";"Papua New Guinea";"Complex volcano";"Historical";"6"
"-1900";"Black Peak";"Alaska Peninsula";"United States";"Stratovolcano";"Radiocarbon";"6"
"-1890";"Hudson, Cerro";"Chile-S";"Chile";"Stratovolcano";"Historical";"6"
"-1860";"St. Helens";"US-Washington";"United States";"Stratovolcano";"Historical";"6"
"-1750";"Veniaminof";"Alaska Peninsula";"United States";"Stratovolcano";"Historical";"6"
"-1645";"Aniakchak";"Alaska Peninsula";"United States";"Caldera";"Historical";"6"
"-1610";"Santorini";"Greece";"Greece";"Shield volcano";"Historical";"6"
"-1550";"Redoubt";"Alaska-SW";"United States";"Stratovolcano";"Historical";""
"-1460";"Taupo";"New Zealand";"New Zealand";"Caldera";"Radiocarbon";"6"
"-1370";"Pago";"New Britain-SW Pac";"Papua New Guinea";"Caldera";"Historical";"6"
"-1050";"Pinatubo";"Luzon-Philippines";"Philippines";"Stratovolcano";"Historical";"6"
"-250";"Raoul Island";"Kermadec Is";"New Zealand";"Stratovolcano";"Historical";"6"
"-197";"Santorini";"Greece";"Greece";"Shield volcano";"Historical";"3"
"-150";"St. Andrew Strait";"Admiralty Is-SW Paci";"Papua New Guinea";"Complex volcano";"Historical";""
"-141";"Etna";"Italy";"Italy";"Stratovolcano";"Historical";""
"-100";"Okmok";"Aleutian Is";"United States";"Shield volcano";"Historical";"6"
"-50";"Apoyeque";"Nicaragua";"Nicaragua";"Pyroclastic shield";"Radiocarbon";"6"
"46";"Santorini";"Greece";"Greece";"Shield volcano";"Historical";"3"
"50";"Ambrym";"Vanuatu-SW Pacific";"Vanuatu";"Pyroclastic shield";"Historical";"6"
"60";"Bona-Churchill";"Alaska-E";"United States";"Stratovolcano";"Radiocarbon";"6"
"79";"Vesuvius";"Italy";"Italy";"Complex volcano";"Historical";"5"
"200";"Arhab, Harra of";"Arabia-S";"Yemen";"Volcanic field";"Historical";""
"230";"Taupo";"New Zealand";"New Zealand";"Caldera";"Radiocarbon";"6"
"240";"Ksudach";"Kamchatka";"Russia";"Stratovolcano";"Historical";"6"
"350";"Augustine";"Alaska-SW";"United States";"Lava dome";"Historical";""
"416";"Krakatau";"Indonesia";"Indonesia";"Caldera";"Historical";""
"450";"Ilopango";"El Salvador";"El Salvador";"Caldera";"Historical";"6"
"500";"Arhab, Harra of";"Arabia-S";"Yemen";"Volcanic field";"Historical";""
"540";"Rabaul";"New Britain-SW Pac";"Papua New Guinea";"Pyroclastic shield";"Historical";"6"
"590";"San Salvador";"El Salvador";"El Salvador";"Stratovolcano";"Historical";""
"640";"Uwayrid, Harrat";"Arabia-W";"Saudi Arabia";"Volcanic field";"Anthropology";"2"
"710";"Pago";"New Britain-SW Pac";"Papua New Guinea";"Caldera";"Historical";"6"
"764";"Sakura-jima";"Kyushu-Japan";"Japan";"Stratovolcano";"Historical";"4"
"766";"Sakura-jima";"Kyushu-Japan";"Japan";"Stratovolcano";"Historical";"3"
"787";"Vesuvius";"Italy";"Italy";"Complex volcano";"Historical";"3"
"800";"Dakataua";"New Britain-SW Pac";"Papua New Guinea";"Caldera";"Anthropology";"6"
"800";"Bona-Churchill";"Alaska-E";"United States";"Stratovolcano";"Radiocarbon";"6"
"920";"Katla";"Iceland-S";"Iceland";"Subglacial volcano";"Historical";"4"
"930";"Ceboruco";"Mexico";"Mexico";"Stratovolcano";"Historical";"6"
"934";"Katla";"Iceland-S";"Iceland";"Subglacial volcano";"Historical";"4"
"950";"Katla";"Iceland-S";"Iceland";"Subglacial volcano";"Historical";""
"1000";"Changbaishan";"China-E";"North Korea";"Stratovolcano";"Historical";"7"
"1050";"Santorini";"Greece";"Greece";"Shield volcano";"Historical";""
"1104";"Hekla";"Iceland-S";"Iceland";"Stratovolcano";"Historical";"5"
"1151";"Krisuvik";"Iceland-SW";"Iceland";"Crater rows";"Historical";"1"
"1158";"Hekla";"Iceland-S";"Iceland";"Stratovolcano";"Historical";"4"
"1169";"Etna";"Italy";"Italy";"Stratovolcano";"Historical";""
"1169";"Etna";"Italy";"Italy";"Stratovolcano";"Historical";""
"1177";"Katla";"Iceland-S";"Iceland";"Subglacial volcano";"Historical";"3"
"1206";"Hekla";"Iceland-S";"Iceland";"Stratovolcano";"Historical";"2"
"1250";"Fentale";"Africa-NE";"Ethiopia";"Stratovolcano";"Historical";""
"1262";"Katla";"Iceland-S";"Iceland";"Subglacial volcano";"Historical";"3"
"1280";"Quilotoa";"Ecuador";"Ecuador";"Caldera";"Radiocarbon";"6"
"1300";"Hekla";"Iceland-S";"Iceland";"Stratovolcano";"Historical";"4"
"1302";"Ischia";"Italy";"Italy";"Complex volcano";"Historical";""
"1311";"Katla";"Iceland-S";"Iceland";"Subglacial volcano";"Historical";"4"
"1311";"Kelut";"Java";"Indonesia";"Stratovolcano";"Historical";"3"
"1329";"Etna";"Italy";"Italy";"Stratovolcano";"Historical";"3"
"1329";"Etna";"Italy";"Italy";"Stratovolcano";"Historical";"1"
"1331";"Aso";"Kyushu-Japan";"Japan";"Caldera";"Historical";"2"
"1334";"Kelut";"Java";"Indonesia";"Stratovolcano";"Historical";"3"
"1341";"Hekla";"Iceland-S";"Iceland";"Stratovolcano";"Historical";"3"
"1357";"Katla";"Iceland-S";"Iceland";"Subglacial volcano";"Historical";"4"
"1362";"Oraefajokull";"Iceland-SE";"Iceland";"Stratovolcano";"Historical";"5"
"1376";"Kelut";"Java";"Indonesia";"Stratovolcano";"Historical";"3"
"1385";"Kelut";"Java";"Indonesia";"Stratovolcano";"Historical";"3"
"1389";"Hekla";"Iceland-S";"Iceland";"Stratovolcano";"Historical";"3"
"1410";"Nasu";"Honshu-Japan";"Japan";"Stratovolcano";"Historical";"3"
"1452";"Kuwae";"Vanuatu-SW Pacific";"Vanuatu";"Caldera";"Historical";"6"
"1471";"Sakura-jima";"Kyushu-Japan";"Japan";"Stratovolcano";"Historical";"5"
"1477";"Bardarbunga";"Iceland-NE";"Iceland";"Stratovolcano";"Historical";"6"
"1485";"Aso";"Kyushu-Japan";"Japan";"Caldera";"Historical";"2"
"1500";"Katla";"Iceland-S";"Iceland";"Subglacial volcano";"Historical";"4"
"1510";"Hekla";"Iceland-S";"Iceland";"Stratovolcano";"Historical";"4"
"1536";"Etna";"Italy";"Italy";"Stratovolcano";"Historical";"3"
"1538";"Campi Flegrei";"Italy";"Italy";"Caldera";"Historical";"3"
"1540";"Augustine";"Alaska-SW";"United States";"Lava dome";"Historical";"4"
"1550";"Dukono";"Halmahera-Indonesia";"Indonesia";"Complex volcano";"Historical";"3"
"1564";"Gamkonora";"Halmahera-Indonesia";"Indonesia";"Stratovolcano";"Historical";"3"
"1565";"Pacaya";"Guatemala";"Guatemala";"Complex volcano";"Historical";"3"
"1566";"Kirishima";"Kyushu-Japan";"Japan";"Shield volcano";"Historical";"3"
"1570";"Mombacho";"Nicaragua";"Nicaragua";"Stratovolcano";"Holocene";""
"1576";"Colima";"Mexico";"Mexico";"Stratovolcano";"Historical";"3"
"1580";"San Jorge";"Azores";"Portugal";"Fissure vent";"Historical";"3"
"1580";"Katla";"Iceland-S";"Iceland";"Subglacial volcano";"Historical";"4"
"1581";"Fuego";"Guatemala";"Guatemala";"Stratovolcano";"Historical";"4"
"1586";"Kelut";"Java";"Indonesia";"Stratovolcano";"Historical";"5"
"1587";"Merapi";"Java";"Indonesia";"Stratovolcano";"Historical";"4"
"1593";"Raung";"Java";"Indonesia";"Stratovolcano";"Historical";"5"
"1595";"Ruiz";"Colombia";"Colombia";"Stratovolcano";"Historical";"4"
"1596";"Asama";"Honshu-Japan";"Japan";"Complex volcano";"Historical";"2"
"1597";"Hekla";"Iceland-S";"Iceland";"Stratovolcano";"Historical";"4"
"1597";"Raung";"Java";"Indonesia";"Stratovolcano";"Historical";"3"
"1598";"Asama";"Honshu-Japan";"Japan";"Complex volcano";"Historical";"2"
"1598";"Banda Api";"Banda Sea";"Pacific Ocean";"Caldera";"Historical";"3"
"1600";"Huaynaputina";"Peru";"Peru";"Stratovolcano";"Historical";"6"
"1606";"Hachijo-jima";"Izu Is-Japan";"Japan";"Stratovolcano";"Historical";"2"
"1608";"Gamalama";"Halmahera-Indonesia";"Indonesia";"Stratovolcano";"Historical";"3"
"1609";"Tengchong";"China-S";"China";"Pyroclastic cone";"Historical";""
"1615";"Banda Api";"Banda Sea";"Pacific Ocean";"Caldera";"Historical";"3"
"1617";"Fuego";"Guatemala";"Guatemala";"Stratovolcano";"Historical";"3"
"1625";"Katla";"Iceland-S";"Iceland";"Subglacial volcano";"Historical";"5"
"1629";"Grimsvotn";"Iceland-NE";"Iceland";"Caldera";"Historical";"2"
"1630";"Furnas";"Azores";"Portugal";"Stratovolcano";"Historical";"4"
"1631";"Dama Ali";"Africa-NE";"Ethiopia";"Shield volcano";"Historical";""
"1631";"Vesuvius";"Italy";"Italy";"Complex volcano";"Historical";"4"
"1636";"Hekla";"Iceland-S";"Iceland";"Stratovolcano";"Historical";"3"
"1638";"Raung";"Java";"Indonesia";"Stratovolcano";"Historical";"3"
"1640";"Komaga-take";"Hokkaido-Japan";"Japan";"Stratovolcano";"Historical";"5"
"1646";"Makian";"Halmahera-Indonesia";"Indonesia";"Stratovolcano";"Historical";"4"
"1650";"Santorini";"Greece";"Greece";"Shield volcano";"Historical";"4"
"1659";"San Salvador";"El Salvador";"El Salvador";"Stratovolcano";"Historical";"3"
"1659";"Teon";"Banda Sea";"Pacific Ocean";"Stratovolcano";"Historical";"4"
"1660";"Teon";"Banda Sea";"Pacific Ocean";"Stratovolcano";"Historical";"4"
"1660";"Katla";"Iceland-S";"Iceland";"Subglacial volcano";"Historical";"4"
"1660";"Long Island";"New Guinea-NE of";"Papua New Guinea";"Complex volcano";"Historical";"6"
"1663";"Usu";"Hokkaido-Japan";"Japan";"Stratovolcano";"Historical";"5"
"1664";"Unzen";"Kyushu-Japan";"Japan";"Complex volcano";"Historical";"2"
"1664";"Iwo-Tori-shima";"Ryukyu Is";"Japan";"Complex volcano";"Historical";""
"1669";"Etna";"Italy";"Italy";"Stratovolcano";"Historical";"3"
"1670";"Aoba";"Vanuatu-SW Pacific";"Vanuatu";"Shield volcano";"Historical";"2"
"1672";"Fayal";"Azores";"Portugal";"Stratovolcano";"Historical";"2"
"1672";"Merapi";"Java";"Indonesia";"Stratovolcano";"Historical";"3"
"1673";"Gamkonora";"Halmahera-Indonesia";"Indonesia";"Stratovolcano";"Historical";"5"
"1677";"La Palma";"Canary Is";"Spain";"Stratovolcano";"Historical";"2"
"1679";"Zukur";"Red Sea";"Yemen";"Shield volcano";"Holocene";""
"1682";"Vesuvius";"Italy";"Italy";"Complex volcano";"Historical";"3"
"1684";"Grimsvotn";"Iceland-NE";"Iceland";"Caldera";"Historical";"2"
"1690";"Vesuvius";"Italy";"Italy";"Complex volcano";"Historical";""
"1690";"Guntur";"Java";"Indonesia";"Complex volcano";"Historical";"3"
"1692";"Serua";"Banda Sea";"Pacific Ocean";"Stratovolcano";"Historical";"4"
"1693";"Etna";"Italy";"Italy";"Stratovolcano";"Historical";""
"1693";"Hekla";"Iceland-S";"Iceland";"Stratovolcano";"Historical";"4"
"1694";"Banda Api";"Banda Sea";"Pacific Ocean";"Caldera";"Historical";"3"
"1698";"Vesuvius";"Italy";"Italy";"Complex volcano";"Historical";"3"
"1698";"Cotopaxi";"Ecuador";"Ecuador";"Stratovolcano";"Historical";"3"
"1698";"Cereme";"Java";"Indonesia";"Stratovolcano";"Historical";"3"
"1706";"Tenerife";"Canary Is";"Spain";"Stratovolcano";"Historical";"2"
"1707";"Santorini";"Greece";"Greece";"Shield volcano";"Historical";""
"1707";"Fuji";"Honshu-Japan";"Japan";"Stratovolcano";"Historical";"4"
"1711";"Awu";"Sangihe Is-Indonesia";"Indonesia";"Stratovolcano";"Historical";"3"
"1712";"Bardarbunga";"Iceland-NE";"Iceland";"Stratovolcano";"Historical";"2"
"1714";"Vesuvius";"Italy";"Italy";"Complex volcano";"Historical";""
"1716";"Kelut";"Java";"Indonesia";"Stratovolcano";"Historical";"2"
"1716";"Taal";"Luzon-Philippines";"Philippines";"Stratovolcano";"Historical";"4"
"1716";"Bardarbunga";"Iceland-NE";"Iceland";"Stratovolcano";"Historical";"2"
"1716";"Kirishima";"Kyushu-Japan";"Japan";"Shield volcano";"Historical";"3"
"1717";"Kirishima";"Kyushu-Japan";"Japan";"Shield volcano";"Historical";"3"
"1717";"Bardarbunga";"Iceland-NE";"Iceland";"Stratovolcano";"Historical";"3"
"1717";"Fuego";"Guatemala";"Guatemala";"Stratovolcano";"Historical";"3"
"1718";"Pico";"Azores";"Portugal";"Stratovolcano";"Historical";"2"
"1721";"Katla";"Iceland-S";"Iceland";"Subglacial volcano";"Historical";"5"
"1721";"Asama";"Honshu-Japan";"Japan";"Complex volcano";"Historical";"1"
"1726";"Bardarbunga";"Iceland-NE";"Iceland";"Stratovolcano";"Historical";"1"
"1727";"Oraefajokull";"Iceland-SE";"Iceland";"Stratovolcano";"Historical";"4"
"1729";"Bardarbunga";"Iceland-NE";"Iceland";"Stratovolcano";"Historical";"1"
"1729";"Krafla";"Iceland-NE";"Iceland";"Caldera";"Historical";"2"
"1730";"Lanzarote";"Canary Is";"Spain";"Fissure vent";"Historical";"2"
"1730";"Raung";"Java";"Indonesia";"Stratovolcano";"Historical";"3"
"1730";"Tseax River Cone";"Canada";"Canada";"Pyroclastic cone";"Radiocarbon";""
"1737";"Vesuvius";"Italy";"Italy";"Complex volcano";"Historical";"2"
"1741";"Oshima-Oshima";"Hokkaido-Japan";"Japan";"Stratovolcano";"Historical";"4"
"1742";"Cotopaxi";"Ecuador";"Ecuador";"Stratovolcano";"Historical";"3"
"1742";"Cotopaxi";"Ecuador";"Ecuador";"Stratovolcano";"Historical";"3"
"1749";"Taal";"Luzon-Philippines";"Philippines";"Stratovolcano";"Historical";"3"
"1753";"Grimsvotn";"Iceland-NE";"Iceland";"Caldera";"Historical";"2"
"1754";"Taal";"Luzon-Philippines";"Philippines";"Stratovolcano";"Historical";"4"
"1755";"Katla";"Iceland-S";"Iceland";"Subglacial volcano";"Historical";"4"
"1757";"San Jorge";"Azores";"Portugal";"Fissure vent";"Historical";"0"
"1760";"Makian";"Halmahera-Indonesia";"Indonesia";"Stratovolcano";"Historical";"4"
"1762";"Kliuchevskoi";"Kamchatka";"Russia";"Stratovolcano";"Historical";"2"
"1766";"Hekla";"Iceland-S";"Iceland";"Stratovolcano";"Historical";"4"
"1766";"Mayon";"Luzon-Philippines";"Philippines";"Stratovolcano";"Historical";"3"
"1768";"Cotopaxi";"Ecuador";"Ecuador";"Stratovolcano";"Historical";"4"
"1772";"Gamalama";"Halmahera-Indonesia";"Indonesia";"Stratovolcano";"Historical";"3"
"1772";"Papandayan";"Java";"Indonesia";"Stratovolcano";"Historical";"3"
"1773";"Gamalama";"Halmahera-Indonesia";"Indonesia";"Stratovolcano";"Historical";"2"
"1775";"Gamalama";"Halmahera-Indonesia";"Indonesia";"Stratovolcano";"Historical";"3"
"1775";"Lokon-Empung";"Sulawesi-Indonesia";"Indonesia";"Stratovolcano";"Historical";"3"
"1778";"Raikoke";"Kuril Is";"Russia";"Stratovolcano";"Historical";"4"
"1779";"Vesuvius";"Italy";"Italy";"Complex volcano";"Historical";"2"
"1779";"Sakura-jima";"Kyushu-Japan";"Japan";"Stratovolcano";"Historical";"4"
"1780";"Sakura-jima";"Kyushu-Japan";"Japan";"Stratovolcano";"Historical";"4"
"1780";"Aoga-shima";"Izu Is-Japan";"Japan";"Stratovolcano";"Historical";"3"
"1780";"Sakura-jima";"Kyushu-Japan";"Japan";"Stratovolcano";"Historical";"4"
"1780";"Sakura-jima";"Kyushu-Japan";"Japan";"Stratovolcano";"Historical";""
"1781";"Sakura-jima";"Kyushu-Japan";"Japan";"Stratovolcano";"Historical";"4"
"1783";"Asama";"Honshu-Japan";"Japan";"Complex volcano";"Historical";"4"
"1784";"Grimsvotn";"Iceland-NE";"Iceland";"Caldera";"Historical";"4"
"1784";"Sabancaya";"Peru";"Peru";"Stratovolcano";"Historical";""
"1785";"Aoga-shima";"Izu Is-Japan";"Japan";"Stratovolcano";"Historical";"3"
"1786";"Dieng Volc Complex";"Java";"Indonesia";"Complex volcano";"Historical";"2"
"1789";"Oshima";"Izu Is-Japan";"Japan";"Stratovolcano";"Historical";"2"
"1790";"Kilauea";"Hawaiian Is";"United States";"Shield volcano";"Historical";"4"
"1792";"Unzen";"Kyushu-Japan";"Japan";"Complex volcano";"Historical";"2"
"1794";"Vesuvius";"Italy";"Italy";"Complex volcano";"Historical";"3"
"1800";"San Jorge";"Azores";"Portugal";"Fissure vent";"Historical";"1"
"1800";"Guntur";"Java";"Indonesia";"Complex volcano";"Historical";""
"1800";"Mayon";"Luzon-Philippines";"Philippines";"Stratovolcano";"Historical";"2"
"1800";"Kieyo";"Africa-E";"Tanzania";"Stratovolcano";"Historical";"2"
"1800";"Hualalai";"Hawaiian Is";"United States";"Shield volcano";"Historical";"0"
"1801";"Chokai";"Honshu-Japan";"Japan";"Stratovolcano";"Historical";"2"
"1803";"Asama";"Honshu-Japan";"Japan";"Complex volcano";"Historical";"2"
"1803";"Asama";"Honshu-Japan";"Japan";"Complex volcano";"Historical";"2"
"1804";"Shikotsu";"Hokkaido-Japan";"Japan";"Caldera";"Historical";"3"
"1805";"Vesuvius";"Italy";"Italy";"Complex volcano";"Historical";"2"
"1812";"Soufriere St. Vincent";"W Indies";"St. Vincent & the Grenadines";"Stratovolcano";"Historical";"4"
"1812";"Awu";"Sangihe Is-Indonesia";"Indonesia";"Stratovolcano";"Historical";"3"
"1814";"Mayon";"Luzon-Philippines";"Philippines";"Stratovolcano";"Historical";"4"
"1815";"Tambora";"Lesser Sunda Is";"Indonesia";"Stratovolcano";"Historical";"7"
"1816";"Aso";"Kyushu-Japan";"Japan";"Caldera";"Historical";"2"
"1817";"Ijen";"Java";"Indonesia";"Stratovolcano";"Historical";"2"
"1817";"Raung";"Java";"Indonesia";"Stratovolcano";"Historical";"4"
"1818";"Colima";"Mexico";"Mexico";"Stratovolcano";"Historical";"4"
"1819";"Asuncion";"Mariana Is-C Pacific";"United States";"Stratovolcano";"Historical";""
"1820";"Westdahl";"Aleutian Is";"United States";"Stratovolcano";"Historical";"2"
"1820";"Banda Api";"Banda Sea";"Pacific Ocean";"Caldera";"Historical";"2"
"1822";"Usu";"Hokkaido-Japan";"Japan";"Stratovolcano";"Historical";"4"
"1822";"Galunggung";"Java";"Indonesia";"Stratovolcano";"Historical";"5"
"1822";"Merapi";"Java";"Indonesia";"Stratovolcano";"Historical";"3"
"1823";"Kilauea";"Hawaiian Is";"United States";"Shield volcano";"Historical";"0"
"1824";"Shishaldin";"Aleutian Is";"United States";"Stratovolcano";"Historical";"3"
"1825";"Balbi";"Bougainville-SW Paci";"Papua New Guinea";"Stratovolcano";"Holocene";""
"1826";"Dieng Volc Complex";"Java";"Indonesia";"Complex volcano";"Historical";"2"
"1826";"Kelut";"Java";"Indonesia";"Stratovolcano";"Historical";"3"
"1826";"Aso";"Kyushu-Japan";"Japan";"Caldera";"Historical";"2"
"1827";"Avachinsky";"Kamchatka";"Russia";"Stratovolcano";"Historical";"2"
"1827";"Avachinsky";"Kamchatka";"Russia";"Stratovolcano";"Historical";"2"
"1829";"Guntur";"Java";"Indonesia";"Complex volcano";"Historical";"2"
"1832";"Etna";"Italy";"Italy";"Stratovolcano";"Historical";"2"
"1832";"Merapi";"Java";"Indonesia";"Stratovolcano";"Historical";"3"
"1833";"Kaba";"Sumatra";"Indonesia";"Stratovolcano";"Historical";"2"
"1835";"Cosiguina";"Nicaragua";"Nicaragua";"Stratovolcano";"Historical";"5"
"1835";"Banda Api";"Banda Sea";"Pacific Ocean";"Caldera";"Historical";""
"1837";"Peuet Sague";"Sumatra";"Indonesia";"Complex volcano";"Historical";""
"1838";"Gamalama";"Halmahera-Indonesia";"Indonesia";"Stratovolcano";"Historical";"2"
"1839";"Unnamed";"Chile-Is";"Chile";"Submarine volcano";"Uncertain";"2"
"1840";"Gamalama";"Halmahera-Indonesia";"Indonesia";"Stratovolcano";"Historical";"2"
"1840";"Kilauea";"Hawaiian Is";"United States";"Shield volcano";"Historical";"0"
"1840";"Tinakula";"Santa Cruz Is-SW Pac";"Solomon Is.";"Stratovolcano";"Historical";"3"
"1840";"Savo";"Solomon Is-SW Pacifi";"Solomon Is.";"Stratovolcano";"Historical";"3"
"1841";"Kuchinoerabu-jima";"Ryukyu Is";"Japan";"Stratovolcano";"Historical";"2"
"1843";"Liamuiga";"W Indies";"St. Kitts & Nevis";"Stratovolcano";"Radiocarbon";"0"
"1843";"Soufriere Guadeloupe";"W Indies";"Guadeloupe";"Stratovolcano";"Historical";""
"1843";"Lamongan";"Java";"Indonesia";"Stratovolcano";"Historical";"2"
"1843";"Etna";"Italy";"Italy";"Stratovolcano";"Historical";"2"
"1845";"Soputan";"Sulawesi-Indonesia";"Indonesia";"Stratovolcano";"Historical";"2"
"1845";"Ruiz";"Colombia";"Colombia";"Stratovolcano";"Historical";"2"
"1845";"Hekla";"Iceland-S";"Iceland";"Stratovolcano";"Historical";"4"
"1846";"Tangkubanparahu";"Java";"Indonesia";"Stratovolcano";"Historical";"2"
"1846";"E-san";"Hokkaido-Japan";"Japan";"Stratovolcano";"Historical";"1"
"1847";"Fogo";"Cape Verde Is";"Cape Verde";"Stratovolcano";"Historical";"2"
"1847";"Dieng Volc Complex";"Java";"Indonesia";"Complex volcano";"Historical";"2"
"1848";"Kelut";"Java";"Indonesia";"Stratovolcano";"Historical";"2"
"1850";"Rabaul";"New Britain-SW Pac";"Papua New Guinea";"Pyroclastic shield";"Historical";"2"
"1853";"Niuafo'ou";"Tonga-SW Pacific";"Tonga";"Shield volcano";"Historical";"0"
"1853";"Mayon";"Luzon-Philippines";"Philippines";"Stratovolcano";"Historical";"3"
"1853";"Unnamed";"Taiwan-E of";"Taiwan";"Submarine volcano";"Historical";"2"
"1854";"Shiveluch";"Kamchatka";"Russia";"Stratovolcano";"Historical";"5"
"1854";"Aso";"Kyushu-Japan";"Japan";"Caldera";"Historical";"2"
"1856";"Awu";"Sangihe Is-Indonesia";"Indonesia";"Stratovolcano";"Historical";"3"
"1856";"Shishaldin";"Aleutian Is";"United States";"Stratovolcano";"Historical";""
"1856";"Komaga-take";"Hokkaido-Japan";"Japan";"Stratovolcano";"Historical";"4"
"1857";"Umboi";"New Guinea-NE of";"Papua New Guinea";"Complex volcano";"Holocene";""
"1858";"Mayon";"Luzon-Philippines";"Philippines";"Stratovolcano";"Historical";"2"
"1860";"Semeru";"Java";"Indonesia";"Stratovolcano";"Historical";"2"
"1860";"Fuego";"Guatemala";"Guatemala";"Stratovolcano";"Historical";"2"
"1861";"Dubbi";"Africa-NE";"Eritrea";"Stratovolcano";"Historical";"3"
"1861";"Grimsvotn";"Iceland-NE";"Iceland";"Caldera";"Historical";"2"
"1861";"Makian";"Halmahera-Indonesia";"Indonesia";"Stratovolcano";"Historical";"4"
"1863";"Yasur";"Vanuatu-SW Pacific";"Vanuatu";"Stratovolcano";"Historical";""
"1864";"Kelut";"Java";"Indonesia";"Stratovolcano";"Historical";"2"
"1866";"Ofu-Olosega";"Samoa-SW Pacific";"United States";"Shield volcano";"Historical";"2"
"1867";"Zao";"Honshu-Japan";"Japan";"Complex volcano";"Historical";"2"
"1868";"Mauna Loa";"Hawaiian Is";"United States";"Shield volcano";"Historical";"2"
"1868";"Etna";"Italy";"Italy";"Stratovolcano";"Historical";""
"1869";"Lewotobi";"Lesser Sunda Is";"Indonesia";"Stratovolcano";"Historical";"2"
"1869";"Lamongan";"Java";"Indonesia";"Stratovolcano";"Historical";"2"
"1870";"Ruang";"Sangihe Is-Indonesia";"Indonesia";"Stratovolcano";"Historical";"2"
"1870";"Iliwerung";"Lesser Sunda Is";"Indonesia";"Complex volcano";"Historical";"3"
"1870";"Aoba";"Vanuatu-SW Pacific";"Vanuatu";"Shield volcano";"Historical";"2"
"1871";"Ruang";"Sangihe Is-Indonesia";"Indonesia";"Stratovolcano";"Historical";"2"
"1871";"Hibok-Hibok";"Mindanao-Philippines";"Philippines";"Stratovolcano";"Historical";"2"
"1871";"Gamalama";"Halmahera-Indonesia";"Indonesia";"Stratovolcano";"Historical";"2"
"1871";"Mayon";"Luzon-Philippines";"Philippines";"Stratovolcano";"Historical";"3"
"1872";"Vesuvius";"Italy";"Italy";"Complex volcano";"Historical";"3"
"1872";"Merapi";"Java";"Indonesia";"Stratovolcano";"Historical";"4"
"1872";"Aso";"Kyushu-Japan";"Japan";"Caldera";"Historical";"3"
"1872";"Sinarka";"Kuril Is";"Russia";"Stratovolcano";"Historical";"4"
"1873";"Ragang";"Mindanao-Philippines";"Philippines";"Stratovolcano";"Historical";"2"
"1874";"Miyake-jima";"Izu Is-Japan";"Japan";"Stratovolcano";"Historical";"3"
"1874";"Taal";"Luzon-Philippines";"Philippines";"Stratovolcano";"Historical";"2"
"1875";"Kelut";"Java";"Indonesia";"Stratovolcano";"Historical";"0"
"1875";"Askja";"Iceland-NE";"Iceland";"Stratovolcano";"Historical";"5"
"1877";"Mauna Loa";"Hawaiian Is";"United States";"Shield volcano";"Historical";"0"
"1877";"Cotopaxi";"Ecuador";"Ecuador";"Stratovolcano";"Historical";"4"
"1878";"Yasur";"Vanuatu-SW Pacific";"Vanuatu";"Stratovolcano";"Historical";"3"
"1878";"Rabaul";"New Britain-SW Pac";"Papua New Guinea";"Pyroclastic shield";"Historical";"3"
"1878";"Yasur";"Vanuatu-SW Pacific";"Vanuatu";"Stratovolcano";"Historical";""
"1878";"Okmok";"Aleutian Is";"United States";"Shield volcano";"Historical";"2"
"1879";"Stromboli";"Italy";"Italy";"Stratovolcano";"Historical";"2"
"1883";"Karthala";"Indian O-W";"Comoros";"Shield volcano";"Historical";"2"
"1883";"Krakatau";"Indonesia";"Indonesia";"Caldera";"Historical";"6"
"1883";"Augustine";"Alaska-SW";"United States";"Lava dome";"Historical";"4"
"1883";"Krakatau";"Indonesia";"Indonesia";"Caldera";"Historical";""
"1883";"Bagana";"Bougainville-SW Paci";"Papua New Guinea";"Lava cone";"Historical";"3"
"1884";"Krakatau";"Indonesia";"Indonesia";"Caldera";"Historical";""
"1884";"Semeru";"Java";"Indonesia";"Stratovolcano";"Historical";"2"
"1885";"Purace";"Colombia";"Colombia";"Stratovolcano";"Historical";"3"
"1886";"Tungurahua";"Ecuador";"Ecuador";"Stratovolcano";"Historical";"4"
"1886";"Okataina";"New Zealand";"New Zealand";"Lava dome";"Historical";"2"
"1886";"Niuafo'ou";"Tonga-SW Pacific";"Tonga";"Shield volcano";"Historical";"4"
"1887";"Mayon";"Luzon-Philippines";"Philippines";"Stratovolcano";"Historical";"3"
"1888";"Ritter Island";"New Guinea-NE of";"Papua New Guinea";"Stratovolcano";"Historical";"3"
"1888";"Bandai";"Honshu-Japan";"Japan";"Stratovolcano";"Historical";"4"
"1889";"Banua Wuhu";"Sangihe Is-Indonesia";"Indonesia";"Submarine volcano";"Historical";"2"
"1890";"Makian";"Halmahera-Indonesia";"Indonesia";"Stratovolcano";"Historical";"2"
"1890";"Victory";"New Guinea";"Papua New Guinea";"Stratovolcano";"Historical";"2"
"1892";"Sorikmarapi";"Sumatra";"Indonesia";"Stratovolcano";"Historical";"2"
"1892";"Awu";"Sangihe Is-Indonesia";"Indonesia";"Stratovolcano";"Historical";"3"
"1893";"Azuma";"Honshu-Japan";"Japan";"Stratovolcano";"Historical";"2"
"1894";"Ambrym";"Vanuatu-SW Pacific";"Vanuatu";"Pyroclastic shield";"Historical";"3"
"1895";"Semeru";"Java";"Indonesia";"Stratovolcano";"Historical";"2"
"1895";"Karkar";"New Guinea-NE of";"Papua New Guinea";"Stratovolcano";"Historical";"2"
"1895";"Kirishima";"Kyushu-Japan";"Japan";"Shield volcano";"Historical";"2"
"1895";"Dakataua";"New Britain-SW Pac";"Papua New Guinea";"Caldera";"Anthropology";"2"
"1896";"Kirishima";"Kyushu-Japan";"Japan";"Shield volcano";"Historical";"2"
"1897";"Mayon";"Luzon-Philippines";"Philippines";"Stratovolcano";"Historical";"3"
"1899";"Dona Juana";"Colombia";"Colombia";"Stratovolcano";"Historical";"4"
"1899";"Manam";"New Guinea-NE of";"Papua New Guinea";"Stratovolcano";"Historical";"2"
"1900";"Asama";"Honshu-Japan";"Japan";"Complex volcano";"Historical";"2"
"1900";"Kirishima";"Kyushu-Japan";"Japan";"Shield volcano";"Historical";"2"
"1900";"Adatara";"Honshu-Japan";"Japan";"Stratovolcano";"Historical";"2"
"1900";"Tullu Moje";"Africa-NE";"Ethiopia";"Pumice cone";"Anthropology";""
"1901";"Kelut";"Java";"Indonesia";"Stratovolcano";"Historical";"3"
"1901";"Epi";"Vanuatu-SW Pacific";"Vanuatu";"Stratovolcano";"Historical";""
"1902";"Pelee";"W Indies";"Martinique";"Stratovolcano";"Historical";""
"1902";"Soufriere St. Vincent";"W Indies";"St. Vincent & the Grenadines";"Stratovolcano";"Historical";"4"
"1902";"Pelee";"W Indies";"Martinique";"Stratovolcano";"Historical";"4"
"1902";"Pelee";"W Indies";"Martinique";"Stratovolcano";"Historical";""
"1902";"Tori-shima";"Izu Is-Japan";"Japan";"Stratovolcano";"Historical";"3"
"1902";"Pelee";"W Indies";"Martinique";"Stratovolcano";"Historical";"4"
"1902";"Santa Maria";"Guatemala";"Guatemala";"Stratovolcano";"Historical";"6"
"1902";"Merapi";"Java";"Indonesia";"Stratovolcano";"Historical";"2"
"1903";"Okataina";"New Zealand";"New Zealand";"Lava dome";"Historical";"1"
"1904";"Karthala";"Indian O-W";"Comoros";"Shield volcano";"Historical";"2"
"1905";"Vesuvius";"Italy";"Italy";"Complex volcano";"Historical";"2"
"1905";"Savai'i";"Samoa-SW Pacific";"Samoa";"Shield volcano";"Historical";"2"
"1906";"Vesuvius";"Italy";"Italy";"Complex volcano";"Historical";"3"
"1907";"Unnamed";"Tonga-SW Pacific";"Tonga";"Submarine volcano";"Historical";"0"
"1907";"Alayta";"Africa-NE";"Ethiopia";"Shield volcano";"Historical";"2"
"1907";"Lewotobi";"Lesser Sunda Is";"Indonesia";"Stratovolcano";"Historical";"2"
"1907";"Savai'i";"Samoa-SW Pacific";"Samoa";"Shield volcano";"Historical";""
"1909";"Cameroon, Mt.";"Africa-W";"Cameroon";"Stratovolcano";"Historical";"2"
"1909";"Semeru";"Java";"Indonesia";"Stratovolcano";"Historical";"2"
"1910";"Usu";"Hokkaido-Japan";"Japan";"Stratovolcano";"Historical";"2"
"1911";"Taal";"Luzon-Philippines";"Philippines";"Stratovolcano";"Historical";"4"
"1911";"Asama";"Honshu-Japan";"Japan";"Complex volcano";"Historical";"2"
"1911";"Asama";"Honshu-Japan";"Japan";"Complex volcano";"Historical";"2"
"1911";"Piparo";"Trinidad";"Trinidad ";"Mud volcano";"Historical";""
"1911";"Semeru";"Java";"Indonesia";"Stratovolcano";"Historical";"3"
"1912";"Novarupta";"Alaska Peninsula";"United States";"Caldera";"Historical";"6"
"1912";"Nyamuragira";"Africa-C";"Congo, DRC";"Shield volcano";"Historical";"3"
"1913";"Awu";"Sangihe Is-Indonesia";"Indonesia";"Stratovolcano";"Historical";"2"
"1913";"Semeru";"Java";"Indonesia";"Stratovolcano";"Historical";"2"
"1913";"Ambrym";"Vanuatu-SW Pacific";"Vanuatu";"Pyroclastic shield";"Historical";"3"
"1914";"Sakura-jima";"Kyushu-Japan";"Japan";"Stratovolcano";"Historical";"4"
"1914";"Pago";"New Britain-SW Pac";"Papua New Guinea";"Caldera";"Historical";"3"
"1914";"White Island";"New Zealand";"New Zealand";"Stratovolcano";"Historical";""
"1916";"Tungurahua";"Ecuador";"Ecuador";"Stratovolcano";"Historical";"4"
"1916";"Stromboli";"Italy";"Italy";"Stratovolcano";"Historical";"3"
"1917";"Lengai, Ol Doinyo";"Africa-E";"Tanzania";"Stratovolcano";"Historical";"3"
"1917";"Okataina";"New Zealand";"New Zealand";"Lava dome";"Historical";"1"
"1917";"San Salvador";"El Salvador";"El Salvador";"Stratovolcano";"Historical";"3"
"1918";"Banua Wuhu";"Sangihe Is-Indonesia";"Indonesia";"Submarine volcano";"Historical";"3"
"1918";"Katla";"Iceland-S";"Iceland";"Subglacial volcano";"Historical";"4"
"1919";"Popocatepetl";"Mexico";"Mexico";"Stratovolcano";"Historical";"1"
"1919";"Banua Wuhu";"Sangihe Is-Indonesia";"Indonesia";"Submarine volcano";"Historical";""
"1919";"Kelut";"Java";"Indonesia";"Stratovolcano";"Historical";"4"
"1919";"Stromboli";"Italy";"Italy";"Stratovolcano";"Historical";"3"
"1919";"Mauna Loa";"Hawaiian Is";"United States";"Shield volcano";"Historical";"0"
"1920";"Merapi";"Java";"Indonesia";"Stratovolcano";"Historical";"3"
"1920";"Izalco";"El Salvador";"El Salvador";"Stratovolcano";"Historical";"3"
"1923";"Papandayan";"Java";"Indonesia";"Stratovolcano";"Historical";"1"
"1923";"Kirishima";"Kyushu-Japan";"Japan";"Shield volcano";"Historical";"2"
"1924";"Kilauea";"Hawaiian Is";"United States";"Shield volcano";"Historical";"2"
"1926";"Tokachi";"Hokkaido-Japan";"Japan";"Stratovolcano";"Historical";"3"
"1927";"Paluweh";"Lesser Sunda Is";"Indonesia";"Stratovolcano";"Historical";""
"1927";"Esjufjoll";"Iceland-SE";"Iceland";"Stratovolcano";"Historical";"1"
"1928";"Santorini";"Greece";"Greece";"Shield volcano";"Historical";"2"
"1928";"Mayon";"Luzon-Philippines";"Philippines";"Stratovolcano";"Historical";"3"
"1928";"Krakatau";"Indonesia";"Indonesia";"Caldera";"Historical";""
"1928";"Dieng Volc Complex";"Java";"Indonesia";"Complex volcano";"Historical";"2"
"1928";"Paluweh";"Lesser Sunda Is";"Indonesia";"Stratovolcano";"Historical";"3"
"1928";"Etna";"Italy";"Italy";"Stratovolcano";"Historical";"1"
"1929";"Komaga-take";"Hokkaido-Japan";"Japan";"Stratovolcano";"Historical";"4"
"1929";"Santa Maria";"Guatemala";"Guatemala";"Stratovolcano";"Historical";"3"
"1930";"Krakatau";"Indonesia";"Indonesia";"Caldera";"Historical";"2"
"1930";"Asama";"Honshu-Japan";"Japan";"Complex volcano";"Historical";"3"
"1930";"Stromboli";"Italy";"Italy";"Stratovolcano";"Historical";"3"
"1930";"Merapi";"Java";"Indonesia";"Stratovolcano";"Historical";"3"
"1931";"Asama";"Honshu-Japan";"Japan";"Complex volcano";"Historical";"3"
"1932";"Fuego";"Guatemala";"Guatemala";"Stratovolcano";"Historical";"4"
"1932";"Kusatsu-Shirane";"Honshu-Japan";"Japan";"Stratovolcano";"Historical";"3"
"1933";"Kharimkotan";"Kuril Is";"Russia";"Stratovolcano";"Historical";"3"
"1933";"Kuchinoerabu-jima";"Ryukyu Is";"Japan";"Stratovolcano";"Historical";"4"
"1933";"Bulusan";"Luzon-Philippines";"Philippines";"Stratovolcano";"Historical";"2"
"1936";"Asama";"Honshu-Japan";"Japan";"Complex volcano";"Historical";"3"
"1937";"Llaima";"Chile-C";"Chile";"Stratovolcano";"Historical";"2"
"1937";"Rabaul";"New Britain-SW Pac";"Papua New Guinea";"Pyroclastic shield";"Historical";"4"
"1938";"Nyamuragira";"Africa-C";"Congo, DRC";"Shield volcano";"Historical";"1"
"1938";"Mayon";"Luzon-Philippines";"Philippines";"Stratovolcano";"Historical";"2"
"1939";"Tori-shima";"Izu Is-Japan";"Japan";"Stratovolcano";"Historical";"2"
"1939";"Dieng Volc Complex";"Java";"Indonesia";"Complex volcano";"Historical";"1"
"1940";"Karangetang [Api Siau]";"Sangihe Is-Indonesia";"Indonesia";"Stratovolcano";"Historical";"2"
"1940";"Miyake-jima";"Izu Is-Japan";"Japan";"Stratovolcano";"Historical";"2"
"1940";"Lengai, Ol Doinyo";"Africa-E";"Tanzania";"Stratovolcano";"Historical";"2"
"1941";"Asama";"Honshu-Japan";"Japan";"Complex volcano";"Historical";"2"
"1941";"Semeru";"Java";"Indonesia";"Stratovolcano";"Historical";"2"
"1943";"Michoacan-Guanajuato";"Mexico";"Mexico";"Cinder cone";"Historical";"4"
"1943";"Azul, Cerro";"Galapagos";"Ecuador";"Shield volcano";"Historical";"3"
"1944";"Vesuvius";"Italy";"Italy";"Complex volcano";"Historical";"2"
"1944";"Cleveland";"Aleutian Is";"United States";"Stratovolcano";"Historical";"3"
"1944";"Usu";"Hokkaido-Japan";"Japan";"Stratovolcano";"Historical";"2"
"1944";"Stromboli";"Italy";"Italy";"Stratovolcano";"Historical";"2"
"1944";"Dieng Volc Complex";"Java";"Indonesia";"Complex volcano";"Historical";"2"
"1946";"Sakura-jima";"Kyushu-Japan";"Japan";"Stratovolcano";"Historical";"2"
"1946";"Semeru";"Java";"Indonesia";"Stratovolcano";"Historical";"2"
"1946";"Semeru";"Java";"Indonesia";"Stratovolcano";"Historical";"2"
"1947";"Mayon";"Luzon-Philippines";"Philippines";"Stratovolcano";"Historical";"2"
"1947";"Asama";"Honshu-Japan";"Japan";"Complex volcano";"Historical";"2"
"1947";"Hekla";"Iceland-S";"Iceland";"Stratovolcano";"Historical";"4"
"1948";"Iliwerung";"Lesser Sunda Is";"Indonesia";"Complex volcano";"Historical";"2"
"1948";"Hibok-Hibok";"Mindanao-Philippines";"Philippines";"Stratovolcano";"Historical";"3"
"1948";"Villarrica";"Chile-C";"Chile";"Stratovolcano";"Historical";"3"
"1949";"Purace";"Colombia";"Colombia";"Stratovolcano";"Historical";"2"
"1950";"Semeru";"Java";"Indonesia";"Stratovolcano";"Historical";"1"
"1950";"Asama";"Honshu-Japan";"Japan";"Complex volcano";"Historical";"2"
"1951";"Lamington";"New Guinea";"Papua New Guinea";"Stratovolcano";"Historical";"4"
"1951";"Cosiguina";"Nicaragua";"Nicaragua";"Stratovolcano";"Historical";""
"1951";"Kelut";"Java";"Indonesia";"Stratovolcano";"Historical";"3"
"1951";"Kavachi";"Solomon Is-SW Pacifi";"Solomon Is.";"Submarine volcano";"Historical";"2"
"1952";"Myojun Knoll";"Izu Is-Japan";"Japan";"Submarine volcano";"Holocene";"2"
"1952";"Myojun Knoll";"Izu Is-Japan";"Japan";"Submarine volcano";"Holocene";"2"
"1952";"Myojun Knoll";"Izu Is-Japan";"Japan";"Submarine volcano";"Holocene";"2"
"1952";"Myojun Knoll";"Izu Is-Japan";"Japan";"Submarine volcano";"Holocene";"2"
"1952";"Ambalatungan Group";"Luzon-Philippines";"Philippines";"Compound volcano";"Fumarolic";"1"
"1953";"Myojun Knoll";"Izu Is-Japan";"Japan";"Submarine volcano";"Holocene";"2"
"1953";"Merapi";"Java";"Indonesia";"Stratovolcano";"Historical";"3"
"1953";"Myojun Knoll";"Izu Is-Japan";"Japan";"Submarine volcano";"Holocene";"2"
"1953";"Aso";"Kyushu-Japan";"Japan";"Caldera";"Historical";"2"
"1953";"St. Andrew Strait";"Admiralty Is-SW Paci";"Papua New Guinea";"Complex volcano";"Historical";"0"
"1953";"Sirung";"Lesser Sunda Is";"Indonesia";"Complex volcano";"Historical";"0"
"1953";"Oshima";"Izu Is-Japan";"Japan";"Stratovolcano";"Historical";"1"
"1954";"Stromboli";"Italy";"Italy";"Stratovolcano";"Historical";""
"1954";"Bam";"New Guinea-NE of";"Papua New Guinea";"Stratovolcano";"Historical";"2"
"1954";"Hibok-Hibok";"Mindanao-Philippines";"Philippines";"Stratovolcano";"Historical";""
"1955";"Carran-Los Venados";"Chile-C";"Chile";"Pyroclastic cone";"Historical";"4"
"1955";"Sakura-jima";"Kyushu-Japan";"Japan";"Stratovolcano";"Historical";"3"
"1956";"Bezymianny";"Kamchatka";"Russia";"Stratovolcano";"Historical";"5"
"1957";"Vsevidof";"Aleutian Is";"United States";"Stratovolcano";"Historical";"2"
"1957";"Merapi";"Java";"Indonesia";"Stratovolcano";"Historical";"2"
"1957";"Oshima";"Izu Is-Japan";"Japan";"Stratovolcano";"Historical";"2"
"1957";"Aso";"Kyushu-Japan";"Japan";"Caldera";"Historical";"2"
"1958";"Mahawu";"Sulawesi-Indonesia";"Indonesia";"Stratovolcano";"Historical";"2"
"1958";"Kuwae";"Vanuatu-SW Pacific";"Vanuatu";"Caldera";"Historical";"2"
"1960";"Puyehue";"Chile-C";"Chile";"Stratovolcano";"Holocene";"3"
"1961";"Asama";"Honshu-Japan";"Japan";"Complex volcano";"Historical";"2"
"1962";"Tokachi";"Hokkaido-Japan";"Japan";"Stratovolcano";"Historical";"3"
"1962";"Gamalama";"Halmahera-Indonesia";"Indonesia";"Stratovolcano";"Historical";"2"
"1963";"Irazu";"Costa Rica";"Costa Rica";"Stratovolcano";"Historical";"3"
"1963";"Agung";"Lesser Sunda Is";"Indonesia";"Stratovolcano";"Historical";"4"
"1963";"Semeru";"Java";"Indonesia";"Stratovolcano";"Historical";"2"
"1963";"Agung";"Lesser Sunda Is";"Indonesia";"Stratovolcano";"Historical";"3"
"1963";"Villarrica";"Chile-C";"Chile";"Stratovolcano";"Historical";"2"
"1963";"Batur";"Lesser Sunda Is";"Indonesia";"Caldera";"Historical";"2"
"1963";"Fuego";"Guatemala";"Guatemala";"Stratovolcano";"Historical";"3"
"1964";"Paluweh";"Lesser Sunda Is";"Indonesia";"Stratovolcano";"Historical";"2"
"1964";"Villarrica";"Chile-C";"Chile";"Stratovolcano";"Historical";"2"
"1964";"Dieng Volc Complex";"Java";"Indonesia";"Complex volcano";"Historical";"1"
"1965";"Taal";"Luzon-Philippines";"Philippines";"Stratovolcano";"Historical";"4"
"1966";"Tinakula";"Santa Cruz Is-SW Pac";"Solomon Is.";"Stratovolcano";"Historical";"3"
"1966";"Kelut";"Java";"Indonesia";"Stratovolcano";"Historical";"4"
"1966";"Awu";"Sangihe Is-Indonesia";"Indonesia";"Stratovolcano";"Historical";"4"
"1966";"Lengai, Ol Doinyo";"Africa-E";"Tanzania";"Stratovolcano";"Historical";"4"
"1967";"Merapi";"Java";"Indonesia";"Stratovolcano";"Historical";"3"
"1967";"Lengai, Ol Doinyo";"Africa-E";"Tanzania";"Stratovolcano";"Historical";"3"
"1967";"Semeru";"Java";"Indonesia";"Stratovolcano";"Historical";"3"
"1967";"Deception Island";"Antarctica";"Antarctica";"Caldera";"Historical";"3"
"1968";"Semeru";"Java";"Indonesia";"Stratovolcano";"Historical";"2"
"1968";"Mayon";"Luzon-Philippines";"Philippines";"Stratovolcano";"Historical";"3"
"1968";"Arenal";"Costa Rica";"Costa Rica";"Stratovolcano";"Historical";"3"
"1969";"Iya";"Lesser Sunda Is";"Indonesia";"Stratovolcano";"Historical";"3"
"1969";"Didicas";"Luzon-N of";"Philippines";"Compound volcano";"Historical";"2"
"1970";"Hekla";"Iceland-S";"Iceland";"Stratovolcano";"Historical";"3"
"1971";"Hudson, Cerro";"Chile-S";"Chile";"Stratovolcano";"Historical";"3"
"1971";"Tinakula";"Santa Cruz Is-SW Pac";"Solomon Is.";"Stratovolcano";"Historical";"2"
"1971";"Fuego";"Guatemala";"Guatemala";"Stratovolcano";"Historical";"3"
"1971";"La Palma";"Canary Is";"Spain";"Stratovolcano";"Historical";"2"
"1971";"Villarrica";"Chile-C";"Chile";"Stratovolcano";"Historical";"2"
"1972";"Fournaise, Piton de la";"Indian O-W";"Reunion";"Shield volcano";"Historical";"2"
"1972";"Ritter Island";"New Guinea-NE of";"Papua New Guinea";"Stratovolcano";"Historical";"1"
"1973";"Vestmannaeyjar";"Iceland-S";"Iceland";"Submarine volcano";"Historical";"3"
"1973";"Paluweh";"Lesser Sunda Is";"Indonesia";"Stratovolcano";"Historical";"3"
"1973";"Semeru";"Java";"Indonesia";"Stratovolcano";"Historical";"2"
"1973";"Iliwerung";"Lesser Sunda Is";"Indonesia";"Complex volcano";"Historical";"2"
"1974";"Karangetang [Api Siau]";"Sangihe Is-Indonesia";"Indonesia";"Stratovolcano";"Historical";"3"
"1974";"Sakura-jima";"Kyushu-Japan";"Japan";"Stratovolcano";"Historical";"3"
"1974";"Niigata-Yake-yama";"Honshu-Japan";"Japan";"Lava dome";"Historical";"2"
"1974";"Sakura-jima";"Kyushu-Japan";"Japan";"Stratovolcano";"Historical";"3"
"1974";"Fuego";"Guatemala";"Guatemala";"Stratovolcano";"Historical";"4"
"1974";"Ritter Island";"New Guinea-NE of";"Papua New Guinea";"Stratovolcano";"Historical";"1"
"1975";"Marapi";"Sumatra";"Indonesia";"Complex volcano";"Historical";"2"
"1975";"Arenal";"Costa Rica";"Costa Rica";"Stratovolcano";"Historical";"3"
"1975";"Kilauea";"Hawaiian Is";"United States";"Shield volcano";"Historical";"0"
"1976";"Sangay";"Ecuador";"Ecuador";"Stratovolcano";"Historical";"3"
"1976";"Semeru";"Java";"Indonesia";"Stratovolcano";"Historical";"2"
"1976";"Karangetang [Api Siau]";"Sangihe Is-Indonesia";"Indonesia";"Stratovolcano";"Historical";"2"
"1977";"Nyiragongo";"Africa-C";"Congo, DRC";"Stratovolcano";"Historical";"1"
"1977";"Karthala";"Indian O-W";"Comoros";"Shield volcano";"Historical";"0"
"1977";"Krafla";"Iceland-NE";"Iceland";"Caldera";"Historical";"1"
"1977";"Kliuchevskoi";"Kamchatka";"Russia";"Stratovolcano";"Historical";"3"
"1978";"Usu";"Hokkaido-Japan";"Japan";"Stratovolcano";"Historical";"3"
"1978";"Bulusan";"Luzon-Philippines";"Philippines";"Stratovolcano";"Historical";"2"
"1978";"Santa Maria";"Guatemala";"Guatemala";"Stratovolcano";"Historical";"3"
"1979";"Dieng Volc Complex";"Java";"Indonesia";"Complex volcano";"Historical";"1"
"1979";"Karkar";"New Guinea-NE of";"Papua New Guinea";"Stratovolcano";"Historical";"2"
"1979";"Etna";"Italy";"Italy";"Stratovolcano";"Historical";"2"
"1979";"Aso";"Kyushu-Japan";"Japan";"Caldera";"Historical";"2"
"1980";"St. Helens";"US-Washington";"United States";"Stratovolcano";"Historical";"5"
"1980";"Hekla";"Iceland-S";"Iceland";"Stratovolcano";"Historical";"3"
"1981";"Etna";"Italy";"Italy";"Stratovolcano";"Historical";"2"
"1981";"Alaid";"Kuril Is";"Russia";"Stratovolcano";"Historical";"2"
"1981";"Mayon";"Luzon-Philippines";"Philippines";"Stratovolcano";"Historical";""
"1981";"Paluweh";"Lesser Sunda Is";"Indonesia";"Stratovolcano";"Historical";"2"
"1982";"Chichon, El";"Mexico";"Mexico";"Tuff cone";"Historical";"5"
"1982";"Chichon, El";"Mexico";"Mexico";"Tuff cone";"Historical";"5"
"1982";"Galunggung";"Java";"Indonesia";"Stratovolcano";"Historical";"4"
"1982";"Chichon, El";"Mexico";"Mexico";"Tuff cone";"Historical";"5"
"1983";"Kliuchevskoi";"Kamchatka";"Russia";"Stratovolcano";"Historical";"2"
"1983";"Colo [Una Una]";"Sulawesi-Indonesia";"Indonesia";"Stratovolcano";"Historical";"4"
"1983";"Iliwerung";"Lesser Sunda Is";"Indonesia";"Complex volcano";"Historical";"1"
"1983";"Miyake-jima";"Izu Is-Japan";"Japan";"Stratovolcano";"Historical";"3"
"1984";"San Joaquin";"Africa-W";"Equatorial Guinea";"Shield volcano";"Holocene";""
"1984";"Mayon";"Luzon-Philippines";"Philippines";"Stratovolcano";"Historical";"3"
"1985";"Ruiz";"Colombia";"Colombia";"Stratovolcano";"Historical";"3"
"1986";"Stromboli";"Italy";"Italy";"Stratovolcano";"Historical";"2"
"1986";"Oku Volc Field";"Africa-W";"Cameroon";"Maar";"Radiocarbon";"3"
"1986";"Merapi";"Java";"Indonesia";"Stratovolcano";"Historical";"2"
"1986";"Oshima";"Izu Is-Japan";"Japan";"Stratovolcano";"Historical";"3"
"1987";"Pacaya";"Guatemala";"Guatemala";"Complex volcano";"Historical";"3"
"1987";"Etna";"Italy";"Italy";"Stratovolcano";"Historical";"2"
"1987";"Sirung";"Lesser Sunda Is";"Indonesia";"Complex volcano";"Historical";""
"1988";"Banda Api";"Banda Sea";"Pacific Ocean";"Caldera";"Historical";"3"
"1988";"Arenal";"Costa Rica";"Costa Rica";"Stratovolcano";"Historical";"3"
"1988";"Lonquimay";"Chile-C";"Chile";"Stratovolcano";"Historical";"3"
"1990";"Shiveluch";"Kamchatka";"Russia";"Stratovolcano";"Historical";"3"
"1990";"Kelut";"Java";"Indonesia";"Stratovolcano";"Historical";"4"
"1990";"Sabancaya";"Peru";"Peru";"Stratovolcano";"Historical";"3"
"1990";"Santa Maria";"Guatemala";"Guatemala";"Stratovolcano";"Historical";"3"
"1990";"Unzen";"Kyushu-Japan";"Japan";"Complex volcano";"Historical";"1"
"1991";"Pinatubo";"Luzon-Philippines";"Philippines";"Stratovolcano";"Historical";"6"
"1991";"Karthala";"Indian O-W";"Comoros";"Shield volcano";"Historical";"2"
"1991";"Hudson, Cerro";"Chile-S";"Chile";"Stratovolcano";"Historical";"5"
"1991";"Lokon-Empung";"Sulawesi-Indonesia";"Indonesia";"Stratovolcano";"Historical";"1"
"1991";"Etna";"Italy";"Italy";"Stratovolcano";"Historical";"2"
"1992";"Negro, Cerro";"Nicaragua";"Nicaragua";"Cinder cone";"Historical";"3"
"1992";"Karangetang [Api Siau]";"Sangihe Is-Indonesia";"Indonesia";"Stratovolcano";"Historical";"1"
"1992";"Pinatubo";"Luzon-Philippines";"Philippines";"Stratovolcano";"Historical";"1"
"1992";"Spurr";"Alaska-SW";"United States";"Stratovolcano";"Historical";"3"
"1993";"Galeras";"Colombia";"Colombia";"Complex volcano";"Historical";"2"
"1993";"Mayon";"Luzon-Philippines";"Philippines";"Stratovolcano";"Historical";"2"
"1993";"Kilauea";"Hawaiian Is";"United States";"Shield volcano";"Historical";"0"
"1993";"Krakatau";"Indonesia";"Indonesia";"Caldera";"Historical";"1"
"1993";"Unzen";"Kyushu-Japan";"Japan";"Complex volcano";"Historical";"1"
"1994";"Yasur";"Vanuatu-SW Pacific";"Vanuatu";"Stratovolcano";"Historical";"3"
"1994";"Marapi";"Sumatra";"Indonesia";"Complex volcano";"Historical";"2"
"1994";"Rabaul";"New Britain-SW Pac";"Papua New Guinea";"Pyroclastic shield";"Historical";"3"
"1994";"Merapi";"Java";"Indonesia";"Stratovolcano";"Historical";"3"
"1995";"Fogo";"Cape Verde Is";"Cape Verde";"Stratovolcano";"Historical";"2"
"1996";"Karymsky";"Kamchatka";"Russia";"Stratovolcano";"Historical";"2"
"1996";"Popocatepetl";"Mexico";"Mexico";"Stratovolcano";"Historical";"3"
"1996";"Semeru";"Java";"Indonesia";"Stratovolcano";"Historical";"2"
"1996";"Grimsvotn";"Iceland-NE";"Iceland";"Caldera";"Historical";"3"
"1997";"Karangetang [Api Siau]";"Sangihe Is-Indonesia";"Indonesia";"Stratovolcano";"Historical";"1"
"1997";"Soufriere Hills";"W Indies";"Montserrat";"Stratovolcano";"Historical";"3"
"1997";"Soufriere Hills";"W Indies";"Montserrat";"Stratovolcano";"Historical";"3"
"1997";"Soufriere Hills";"W Indies";"Montserrat";"Stratovolcano";"Historical";""
"1998";"Kilauea";"Hawaiian Is";"United States";"Shield volcano";"Historical";""
"1999";"Soufriere Hills";"W Indies";"Montserrat";"Stratovolcano";"Historical";"3"
"1999";"Fuego";"Guatemala";"Guatemala";"Stratovolcano";"Historical";"2"
"1999";"Shiveluch";"Kamchatka";"Russia";"Stratovolcano";"Historical";"4"
"2000";"Miyake-jima";"Izu Is-Japan";"Japan";"Stratovolcano";"Historical";"2"
"2000";"Kilauea";"Hawaiian Is";"United States";"Shield volcano";"Historical";""
"2001";"Etna";"Italy";"Italy";"Stratovolcano";"Historical";"3"
"2001";"Etna";"Italy";"Italy";"Stratovolcano";"Historical";"2"
"2002";"Karangetang [Api Siau]";"Sangihe Is-Indonesia";"Indonesia";"Stratovolcano";"Historical";"3"
"2002";"Nyiragongo";"Africa-C";"Congo, DRC";"Stratovolcano";"Historical";"1"
"2002";"Etna";"Italy";"Italy";"Stratovolcano";"Historical";"3"
"2002";"Stromboli";"Italy";"Italy";"Stratovolcano";"Historical";""
"2003";"Soufriere Hills";"W Indies";"Montserrat";"Stratovolcano";"Historical";"3"
"2004";"Tengger Caldera";"Java";"Indonesia";"Stratovolcano";"Historical";"2"
"2005";"Karthala";"Indian O-W";"Comoros";"Shield volcano";"Historical";""
"2006";"Raoul Island";"Kermadec Is";"New Zealand";"Stratovolcano";"Historical";""
"2006";"Soufriere Hills";"W Indies";"Montserrat";"Stratovolcano";"Historical";"2"
"2006";"Bulusan";"Luzon-Philippines";"Philippines";"Stratovolcano";"Historical";"2"
"2006";"Merapi";"Java";"Indonesia";"Stratovolcano";"Historical";"1"
"2006";"Mayon";"Luzon-Philippines";"Philippines";"Stratovolcano";"Historical";"1"
"2006";"Tungurahua";"Ecuador";"Ecuador";"Stratovolcano";"Historical";"3"
"2006";"Tungurahua";"Ecuador";"Ecuador";"Stratovolcano";"Historical";"3"
"2007";"Huila";"Colombia";"Colombia";"Stratovolcano";"Historical";""
"2007";"Tair, Jebel at";"Red Sea";"Yemen";"Stratovolcano";"Historical";""
"2008";"Chaiten";"Chile-S";"Chile";"Caldera";"Holocene";""
"2008";"Kasatochi";"Aleutian Is";"United States";"Stratovolcano";"Historical";"3"
"2008";"Tungurahua";"Ecuador";"Ecuador";"Stratovolcano";"Historical";"3"
"2008";"Huila";"Colombia";"Colombia";"Stratovolcano";"Historical";""
"2009";"Redoubt";"Alaska-SW";"United States";"Stratovolcano";"Historical";""
"2009";"Kilauea";"Hawaiian Is";"United States";"Shield volcano";"Historical";""
"2010";"Tungurahua";"Ecuador";"Ecuador";"Stratovolcano";"Historical";"3"
"2010";"Eyjafjallajokull";"Iceland-S";"Iceland";"Stratovolcano";"Historical";"2"
"2010";"Pacaya";"Guatemala";"Guatemala";"Complex volcano";"Historical";"1"
"2010";"Sarigan";"Mariana Is-C Pacific";"United States";"Stratovolcano";"Holocene";""
"2010";"Karangetang [Api Siau]";"Sangihe Is-Indonesia";"Indonesia";"Stratovolcano";"Historical";"3"
"2010";"Sinabung";"Sumatra";"Indonesia";"Stratovolcano";"Holocene";""
"2010";"Merapi";"Java";"Indonesia";"Stratovolcano";"Historical";""
"2010";"Tungurahua";"Ecuador";"Ecuador";"Stratovolcano";"Historical";"3"
"2010";"Tengger Caldera";"Java";"Indonesia";"Stratovolcano";"Historical";""
"2011";"Merapi";"Java";"Indonesia";"Stratovolcano";"Historical";""
"2011";"Kirishima";"Kyushu-Japan";"Japan";"Shield volcano";"Historical";""
"2011";"Bulusan";"Luzon-Philippines";"Philippines";"Stratovolcano";"Historical";"2"
"2011";"Karangetang [Api Siau]";"Sangihe Is-Indonesia";"Indonesia";"Stratovolcano";"Historical";""
"2011";"Tungurahua";"Ecuador";"Ecuador";"Stratovolcano";"Historical";"4"
"2011";"Puyehue";"Chile-C";"Chile";"Stratovolcano";"Holocene";"4"
"2011";"Nabro";"Africa-NE";"Eritrea";"Stratovolcano";"Holocene";"3"
"2011";"Katla";"Iceland-S";"Iceland";"Subglacial volcano";"Historical";""
"2011";"Lokon-Empung";"Sulawesi-Indonesia";"Indonesia";"Stratovolcano";"Historical";""
"2011";"Gamalama";"Halmahera-Indonesia";"Indonesia";"Stratovolcano";"Historical";"3"
"2012";"Kilauea";"Hawaiian Is";"United States";"Shield volcano";"Historical";""
"2012";"Kilauea";"Hawaiian Is";"United States";"Shield volcano";"Historical";""
"2012";"Tolbachik";"Kamchatka";"Russia";"Shield volcano";"Historical";""
"2013";"Merapi";"Java";"Indonesia";"Stratovolcano";"Historical";""
"2013";"Paluweh";"Lesser Sunda Is";"Indonesia";"Stratovolcano";"Historical";""
"2013";"Mayon";"Luzon-Philippines";"Philippines";"Stratovolcano";"Historical";""
"2013";"Paluweh";"Lesser Sunda Is";"Indonesia";"Stratovolcano";"Historical";"3"
"2013";"Ubinas";"Peru";"Peru";"Stratovolcano";"Historical";""
"2013";"Sakura-jima";"Kyushu-Japan";"Japan";"Stratovolcano";"Historical";""
"2013";"Sinabung";"Sumatra";"Indonesia";"Stratovolcano";"Holocene";"2"
"2014";"Sinabung";"Sumatra";"Indonesia";"Stratovolcano";"Holocene";""
"2014";"Kelut";"Java";"Indonesia";"Stratovolcano";"Historical";""
"2014";"On-take";"Honshu-Japan";"Japan";"Complex volcano";"Historical";"3"
"2014";"Kilauea";"Hawaiian Is";"United States";"Shield volcano";"Historical";""
"2014";"Fogo";"Cape Verde Is";"Cape Verde";"Stratovolcano";"Historical";""
